,0,1,2,3,4,5,6,7,8,9,10,11,12,13,14,15,16,17,18,19,20,21,22,23,24,25,26,27,28,29,30,31,32,33
69376,181,174,165,119,6,217,180,150,21,192,85,200,83,152,168,45,201,58,102,140,165,125,132,65,178,74,169,126,170,128,92,91,0,1
22388,53,104,117,104,67,120,70,104,103,116,109,110,87,54,70,99,69,116,88,111,85,110,117,110,102,100,98,120,53,75,105,51,1,0
74422,121,100,49,122,49,85,115,103,71,121,65,120,49,119,89,80,101,67,110,118,86,67,51,56,82,112,109,79,47,102,84,54,1,0
87249,75,54,98,88,71,68,47,112,76,120,76,114,70,99,85,74,111,87,99,114,121,88,43,54,113,120,43,52,71,81,118,51,1,0
54071,117,87,70,119,111,82,55,83,106,103,79,82,89,51,50,84,113,66,115,47,50,103,88,98,48,97,67,88,99,80,112,76,1,0
73658,80,116,50,69,103,89,120,78,103,72,78,83,84,53,102,112,72,75,48,75,97,97,89,121,50,107,99,109,108,104,98,102,1,0
47921,118,194,220,25,2,97,17,22,95,233,62,114,39,255,230,47,9,171,180,97,37,7,53,191,115,146,77,195,117,205,189,38,0,1
51401,74,102,57,70,99,101,77,49,101,105,115,71,109,80,48,110,116,102,119,75,49,100,66,111,108,68,122,106,119,79,48,100,1,0
59072,50,84,72,54,114,79,81,86,100,52,84,81,104,120,101,85,117,89,121,120,89,109,49,79,52,66,98,88,90,78,54,86,1,0
35355,69,89,49,73,103,49,122,68,86,73,48,48,111,120,87,87,106,101,99,106,50,102,100,72,87,112,47,70,71,109,56,50,1,0
21329,123,159,120,112,140,226,83,61,230,153,70,21,163,66,251,73,129,92,48,150,142,199,78,158,18,13,132,209,42,167,221,142,0,1
19730,110,67,120,97,119,100,49,121,48,98,69,85,82,118,56,55,99,67,115,113,43,77,105,90,118,79,117,53,117,56,83,74,1,0
25843,49,102,100,74,97,117,121,54,99,52,79,48,105,99,116,112,107,108,54,97,86,120,68,106,84,111,75,76,43,116,98,87,1,0
60115,181,111,78,129,199,65,170,45,81,149,65,191,112,140,254,119,45,4,97,173,218,141,239,45,62,205,108,217,183,7,100,234,0,1
6561,51,74,71,77,56,50,69,51,85,75,71,98,83,97,113,81,103,54,56,79,77,52,54,102,54,90,120,55,82,101,79,75,1,0
41524,186,173,255,170,134,231,67,42,53,73,191,109,91,234,251,186,46,128,207,75,229,135,247,20,10,236,189,155,86,240,12,242,0,1
63989,181,79,201,47,87,13,76,246,163,100,25,142,245,90,123,213,240,154,41,82,239,108,208,198,49,216,59,125,215,101,49,58,0,1
28894,112,56,53,47,100,101,105,84,68,47,77,107,116,90,103,84,50,51,90,99,99,114,70,120,65,51,98,65,76,110,66,54,1,0
66977,47,58,47,226,116,236,76,186,127,201,159,37,64,22,87,42,94,100,95,114,35,44,50,203,252,153,223,150,99,5,87,5,0,1
12874,82,76,73,76,69,114,48,112,73,47,86,72,80,78,65,75,103,100,122,77,66,90,54,121,117,117,117,121,107,100,80,105,1,0
9251,70,109,68,48,76,103,109,109,117,116,47,116,109,104,86,51,56,90,49,108,90,111,110,102,54,54,90,98,115,74,111,114,1,0
78820,137,205,235,119,84,197,57,27,161,233,4,112,191,11,50,160,64,246,214,81,12,213,192,57,206,0,159,139,200,110,179,244,0,1
8486,109,83,78,69,67,73,105,87,97,65,88,86,105,79,116,66,87,75,55,81,69,56,119,100,57,88,113,56,43,50,116,54,1,0
89721,74,107,97,48,112,72,121,102,68,119,107,90,105,57,56,70,55,111,56,70,69,80,81,101,77,55,88,101,115,81,113,52,1,0
76311,90,77,106,68,111,43,116,113,88,52,53,78,67,111,112,104,56,102,114,56,89,57,75,67,82,116,78,84,68,84,87,107,1,0
79518,117,87,47,109,102,53,51,48,57,103,56,78,74,120,53,106,76,72,118,89,102,88,84,115,117,116,88,120,55,89,121,110,1,0
28751,193,89,49,242,64,194,221,111,174,112,235,68,156,255,120,205,256,19,236,209,82,65,7,182,109,173,45,162,44,88,189,116,0,1
83759,122,88,75,87,122,74,49,107,115,49,56,108,47,82,78,66,53,102,105,82,122,76,98,114,105,48,103,84,122,68,52,106,1,0
21922,132,77,12,227,185,179,85,194,140,93,85,82,20,65,191,197,51,102,184,147,200,133,247,41,196,81,46,238,245,208,93,106,0,1
80068,51,56,97,114,106,54,103,81,90,84,47,111,114,68,117,65,112,81,86,73,100,69,99,76,106,66,73,54,106,66,82,74,1,0
87406,54,114,74,56,55,120,89,47,120,70,76,97,43,87,100,79,108,47,98,120,67,104,47,90,75,84,77,118,87,111,52,100,1,0
26724,66,193,190,114,14,40,122,185,237,143,155,78,236,87,183,184,46,56,141,201,68,26,44,218,19,214,188,17,0,13,251,211,0,1
86073,87,107,116,52,105,121,80,87,80,67,43,48,106,66,86,77,105,67,90,81,74,116,51,66,50,117,50,111,115,57,71,105,1,0
71495,198,200,90,207,171,249,256,254,51,201,198,14,127,109,178,92,56,65,86,142,2,205,233,97,245,158,90,120,238,121,66,45,0,1
20669,217,250,136,223,36,184,217,81,105,229,119,60,167,143,172,234,240,47,68,130,251,231,206,139,179,124,130,8,238,11,147,38,0,1
99013,47,59,131,225,238,32,175,158,156,180,61,205,177,145,235,214,92,122,32,92,161,244,135,123,127,58,38,28,38,76,96,163,0,1
79773,70,182,240,122,180,107,153,53,136,139,38,77,100,27,246,213,75,18,116,181,140,74,93,14,56,61,81,243,241,2,179,130,0,1
82773,122,251,47,39,135,109,227,54,203,253,22,51,154,144,194,205,141,21,147,19,256,150,151,197,161,170,166,158,37,145,149,73,0,1
2648,45,167,104,96,99,64,135,71,72,128,115,82,76,63,39,142,213,13,74,186,230,80,223,179,71,23,122,40,34,91,34,22,0,1
39040,108,80,43,111,50,100,43,113,108,67,118,51,87,100,68,87,53,111,43,77,107,57,118,51,65,49,51,87,83,79,89,97,1,0
5025,119,32,74,244,181,65,28,172,44,200,21,160,225,24,253,16,28,154,102,225,208,49,220,181,252,121,75,13,88,206,186,27,0,1
41426,67,103,51,92,172,93,186,115,88,159,35,204,65,214,203,177,28,131,135,84,119,20,6,180,59,145,234,239,50,171,150,252,0,1
82144,230,182,124,191,10,221,65,157,105,114,139,37,152,26,243,235,160,41,36,127,20,202,3,205,24,147,180,61,54,215,137,218,0,1
2212,73,104,67,75,89,65,120,69,119,108,47,107,50,89,111,78,117,77,87,69,48,49,90,100,115,70,54,53,108,53,79,71,1,0
50304,91,216,188,47,33,181,94,223,220,64,235,100,228,89,119,239,132,187,90,2,229,166,125,124,118,224,90,63,229,161,235,12,0,1
67971,159,129,140,227,159,147,29,250,90,167,222,43,229,79,252,221,219,173,98,194,26,145,28,26,155,1,201,117,146,123,3,40,0,1
19599,86,99,67,50,102,80,101,102,65,69,81,108,56,43,51,109,115,57,98,110,73,49,122,76,80,72,87,86,48,86,67,120,1,0
44647,119,54,118,71,120,89,100,113,119,113,109,105,121,68,113,105,114,68,56,76,50,69,56,48,100,97,48,52,85,100,97,107,1,0
1818,240,34,200,65,136,126,16,56,178,35,141,94,177,196,72,249,56,8,235,42,56,154,48,216,116,242,98,144,245,153,171,39,0,1
1681,119,54,78,54,71,77,115,117,105,122,116,103,65,100,73,105,108,79,74,85,54,101,116,114,116,86,71,103,98,81,101,120,1,0
7208,154,68,19,187,163,42,168,10,208,250,237,231,130,4,108,35,115,256,206,191,44,41,101,109,173,84,247,252,105,177,39,28,0,1
76043,116,52,55,110,48,43,67,73,48,65,106,120,109,110,49,121,53,81,48,56,90,57,108,116,117,117,54,56,76,83,114,114,1,0
30534,226,130,175,49,249,255,218,54,70,38,205,101,33,152,236,229,176,111,241,224,145,191,144,29,234,153,183,218,212,61,117,217,0,1
8899,100,68,86,117,89,47,57,77,101,55,107,68,87,100,53,87,90,97,120,79,117,111,113,53,68,82,119,121,115,97,54,117,1,0
48009,116,80,117,104,77,110,100,90,100,107,56,106,87,89,108,84,90,98,43,88,74,77,50,69,120,69,90,113,108,79,66,115,1,0
55895,51,119,76,67,53,68,116,108,66,47,68,112,74,48,107,115,74,75,49,87,100,119,116,107,86,101,72,56,104,51,69,120,1,0
39355,50,107,83,105,101,80,110,86,101,55,80,65,102,101,65,101,105,108,98,97,118,81,83,100,105,76,115,98,53,100,87,48,1,0
70376,98,101,107,100,122,104,116,54,88,74,110,116,105,57,85,109,49,118,109,90,85,83,90,55,99,70,67,116,77,51,75,103,1,0
41850,82,119,73,102,82,73,71,52,100,52,105,57,79,88,119,121,116,98,79,80,119,73,104,54,98,98,72,119,110,70,78,116,1,0
77542,113,56,30,58,8,2,3,201,200,49,25,47,113,198,22,133,58,145,62,160,54,215,55,106,132,53,85,198,140,151,189,236,0,1
59858,122,69,100,65,72,74,113,104,103,108,119,43,65,110,73,68,107,108,82,54,110,75,71,102,66,73,54,67,86,69,66,100,1,0
78843,203,13,187,237,149,162,72,90,238,123,15,155,120,121,4,217,20,152,157,229,85,120,79,184,241,238,194,111,247,208,152,255,0,1
2085,121,66,104,121,121,68,85,121,65,104,115,111,104,110,120,81,107,78,76,85,83,51,73,104,70,116,113,101,70,111,87,107,1,0
70682,102,65,82,70,115,49,83,82,102,120,102,107,115,54,85,99,54,43,87,43,101,79,43,47,43,80,110,84,118,103,56,80,1,0
76847,103,102,43,118,70,116,69,79,105,113,48,70,78,70,102,49,117,54,65,47,56,109,120,102,79,85,55,82,75,115,48,87,1,0
77702,70,97,121,100,81,120,111,110,97,71,71,109,67,68,121,82,120,99,114,49,57,102,52,73,70,102,119,122,56,114,116,110,1,0
99680,99,55,70,73,57,77,118,77,103,49,102,55,101,71,67,97,106,79,115,86,79,112,65,52,100,120,86,51,50,117,80,117,1,0
41204,190,33,6,18,34,218,119,42,201,12,211,101,229,137,71,6,86,226,212,39,9,71,8,7,106,209,133,241,205,92,170,126,0,1
2596,65,72,115,78,78,105,104,84,118,86,85,88,53,99,87,98,121,106,57,55,119,53,79,50,117,83,47,54,47,89,99,77,1,0
29812,85,15,152,6,4,183,75,91,116,209,148,144,46,47,109,85,116,208,224,43,118,43,55,233,147,34,123,174,149,155,175,161,0,1
19706,253,23,153,223,84,24,237,133,87,78,61,67,34,130,88,175,101,68,246,45,62,47,20,237,90,41,127,158,199,222,220,5,0,1
89258,82,55,70,109,121,43,52,84,119,119,49,75,106,79,47,75,83,71,55,69,116,86,102,90,69,113,79,100,108,52,83,100,1,0
4045,212,37,34,155,256,139,149,241,99,152,162,129,197,184,137,16,133,180,24,55,69,3,99,49,178,209,28,105,205,80,182,87,0,1
82714,77,78,67,56,75,114,120,68,100,73,71,114,118,51,108,111,106,57,118,103,66,51,57,119,90,100,112,114,73,90,70,112,1,0
57683,219,53,8,213,19,216,19,71,118,127,231,163,3,57,37,240,188,11,1,107,108,209,240,113,15,69,191,53,121,207,115,103,0,1
87059,195,227,124,240,155,236,171,122,102,247,217,47,168,44,137,113,37,100,57,157,235,148,33,29,9,42,224,150,150,235,9,207,0,1
74549,83,49,117,76,121,111,85,120,73,87,50,51,110,52,99,122,56,81,57,120,100,76,43,84,107,109,121,87,107,99,51,98,1,0
1298,171,145,90,193,124,185,89,123,11,228,223,130,176,52,107,187,72,210,139,98,195,39,63,192,110,129,80,53,204,166,5,111,0,1
93660,54,74,113,118,118,122,116,80,52,73,82,87,114,47,71,101,57,48,118,120,97,73,108,72,53,103,47,103,104,90,104,88,1,0
58158,242,233,16,108,197,128,105,198,34,32,114,110,16,245,184,33,119,83,244,225,154,180,100,43,154,199,100,101,29,45,230,180,0,1
29514,128,123,127,248,115,76,232,13,30,244,188,34,116,245,229,142,214,221,162,42,84,102,240,70,25,240,103,119,136,159,62,22,0,1
92818,114,56,109,57,114,79,112,111,107,106,75,68,88,66,111,109,49,121,54,122,53,48,68,111,73,107,77,67,89,47,48,90,1,0
1601,90,97,97,90,122,47,84,81,115,86,65,71,119,66,51,88,99,54,48,77,57,54,57,55,83,89,49,111,113,89,87,110,1,0
17270,52,103,97,81,78,102,105,101,73,122,120,107,51,88,112,100,118,121,52,69,122,72,108,118,113,100,76,113,113,72,66,105,1,0
2926,88,117,86,51,118,114,98,109,74,49,85,66,69,118,90,53,83,85,108,80,48,114,97,107,107,71,109,71,88,55,119,83,1,0
94672,48,90,75,43,79,111,76,57,90,108,50,55,107,80,98,48,53,69,88,100,67,88,75,73,117,100,55,51,82,109,53,110,1,0
71028,37,2,248,48,201,39,159,256,122,148,248,98,106,190,146,225,112,155,151,0,120,138,231,17,163,20,184,2,66,52,87,248,0,1
59649,49,115,100,88,98,118,98,69,79,85,80,73,78,116,55,80,70,53,106,77,90,49,79,47,107,87,68,115,53,72,102,72,1,0
25995,201,23,185,197,23,4,108,182,151,38,251,111,147,41,28,152,122,164,73,230,204,31,50,84,252,104,119,242,213,253,201,117,0,1
4667,75,85,109,110,122,100,77,107,82,98,108,54,56,77,117,71,79,102,118,71,56,78,112,105,82,56,103,115,67,49,102,101,1,0
41471,87,104,112,79,79,88,85,120,110,101,121,117,68,47,88,90,65,120,111,70,114,68,48,115,101,48,120,77,90,80,51,120,1,0
27436,101,72,69,121,120,79,86,89,102,87,56,55,86,78,73,76,121,73,68,104,68,106,116,112,102,113,51,74,48,71,112,82,1,0
29897,53,112,68,71,88,122,81,121,65,119,53,116,119,106,103,118,104,122,118,79,103,47,73,68,110,121,78,48,118,99,109,108,1,0
56161,58,50,169,97,212,34,126,196,250,253,202,154,0,158,198,213,69,63,239,119,181,198,77,198,219,75,154,112,198,202,35,169,0,1
59709,118,81,68,79,69,90,90,114,101,119,101,121,54,51,104,78,55,87,73,104,43,86,67,51,122,83,117,122,74,67,80,76,1,0
79901,110,56,84,69,104,88,71,108,47,86,109,113,90,118,119,87,72,73,54,110,66,116,102,105,104,57,43,90,103,90,65,86,1,0
54538,94,151,104,57,36,168,216,53,103,150,58,82,171,32,185,73,56,71,90,74,180,128,208,208,89,163,231,184,137,51,12,67,0,1
48030,204,51,144,145,66,2,252,82,165,43,251,174,173,36,238,142,14,210,79,8,177,33,88,188,81,190,16,242,54,86,47,181,0,1
85407,83,238,106,73,143,73,172,219,51,135,136,115,4,168,119,63,100,137,209,67,183,247,186,150,45,56,151,31,93,140,158,11,0,1
94589,20,160,85,248,229,88,233,73,79,176,19,186,53,196,125,236,216,186,217,54,236,153,19,128,153,157,218,227,231,211,212,90,0,1
57048,89,67,84,88,112,68,83,84,121,71,104,71,98,50,66,121,69,54,79,122,80,79,105,106,120,103,81,86,54,101,69,83,1,0
12010,50,89,105,120,51,89,51,65,55,79,116,103,75,56,49,88,49,100,55,90,101,82,99,50,88,67,69,111,75,56,55,51,1,0
90848,158,75,230,174,248,186,233,2,147,197,69,64,10,242,16,234,241,178,173,256,186,171,100,140,199,57,143,32,27,148,148,218,0,1
68592,194,98,195,119,30,122,60,139,167,148,219,145,253,120,68,207,44,184,103,10,92,28,51,237,64,27,140,92,108,31,127,97,0,1
7940,224,24,227,216,11,75,143,7,145,110,19,99,78,29,233,93,152,244,77,177,159,213,96,67,23,57,51,47,237,238,149,219,0,1
77150,101,88,84,101,87,56,79,50,106,82,103,116,50,82,114,79,83,72,79,106,111,116,105,69,107,108,104,53,122,56,43,50,1,0
26568,80,65,104,57,103,87,118,118,53,117,69,116,82,71,81,111,56,67,69,122,75,73,77,72,105,78,80,76,105,108,106,48,1,0
41692,52,67,70,53,90,71,121,119,52,99,66,121,121,88,113,88,83,115,70,101,68,47,118,103,121,76,47,85,109,43,115,116,1,0
34162,108,98,115,68,110,48,90,87,115,117,99,70,50,114,49,110,115,75,116,57,53,75,90,57,53,53,66,83,73,89,107,117,1,0
61863,112,49,87,102,43,82,77,49,116,122,71,112,89,121,48,83,114,49,49,106,43,54,115,51,115,49,55,48,54,90,68,97,1,0
10156,117,87,50,99,54,100,119,65,109,49,112,110,117,67,83,88,98,48,114,87,90,85,43,88,78,115,79,110,67,86,73,66,1,0
62125,216,194,231,35,179,27,97,22,214,142,146,227,240,149,24,173,27,81,18,172,166,60,178,4,47,172,79,158,143,102,38,32,0,1
6199,191,129,124,214,141,39,227,205,209,188,157,39,227,223,79,136,225,252,128,77,99,166,92,24,1,171,108,181,11,30,146,236,0,1
71464,29,19,64,171,91,111,20,186,124,64,33,89,53,190,156,64,193,139,170,122,206,46,214,242,239,167,115,173,59,97,239,56,0,1
26887,87,33,14,253,209,123,256,18,51,196,23,59,22,138,160,201,11,59,142,16,135,22,153,105,40,62,23,248,246,48,67,120,0,1
79558,249,221,51,76,210,96,1,181,133,105,52,78,184,137,53,142,52,199,256,90,144,236,37,158,12,217,23,109,1,163,188,0,0,1
54621,121,241,41,17,121,252,198,162,243,126,234,246,41,139,245,132,52,160,88,126,222,206,46,67,246,102,50,232,118,247,62,78,0,1
83214,182,49,144,124,226,61,61,150,181,150,131,47,44,25,237,199,162,234,227,252,38,143,124,70,119,32,241,229,140,216,186,167,0,1
44590,79,52,110,81,85,72,73,122,67,108,118,67,55,67,121,82,122,107,52,77,76,69,98,76,84,79,82,72,115,85,112,111,1,0
77671,55,119,197,89,29,187,19,143,47,112,227,197,139,112,38,68,206,245,130,233,53,140,164,241,168,177,105,48,220,55,64,217,0,1
54136,109,112,54,70,52,72,111,65,97,53,56,54,117,77,116,83,55,116,74,57,68,116,118,67,102,121,110,71,97,48,71,89,1,0
89537,130,180,11,102,81,204,70,142,244,229,179,189,22,189,135,75,102,164,94,153,39,46,175,55,18,117,231,73,8,62,178,116,0,1
98831,253,120,113,121,193,19,54,196,252,36,38,20,164,3,101,241,211,213,89,175,89,25,150,184,240,101,187,3,32,83,30,251,0,1
76848,220,68,237,240,105,74,115,84,219,1,73,40,222,102,101,130,38,119,38,210,65,148,46,160,124,239,219,76,190,253,129,127,0,1
71404,93,99,11,134,34,57,59,193,243,33,132,168,207,70,167,4,79,123,0,151,72,22,62,122,49,203,233,250,40,125,143,7,0,1
22736,101,101,90,57,81,81,114,47,98,83,71,57,72,90,57,82,86,97,112,53,70,54,79,104,81,110,101,121,109,75,51,115,1,0
79843,47,64,234,130,121,217,237,139,141,176,80,237,96,3,231,203,190,240,4,148,74,249,230,87,73,244,63,71,200,131,210,29,0,1
19516,46,127,248,148,78,123,126,142,194,231,90,108,82,248,128,187,14,75,162,66,7,152,172,184,234,238,77,155,135,129,42,189,0,1
34495,32,210,163,176,69,163,33,233,153,45,27,95,50,174,42,81,210,3,215,93,60,19,193,152,236,207,24,250,113,70,141,248,0,1
76584,119,49,105,81,114,119,103,65,56,67,90,52,66,68,90,76,105,43,73,105,74,100,119,83,102,76,71,80,88,48,75,86,1,0
17429,79,54,116,48,55,54,89,75,51,113,117,82,71,49,54,43,104,104,98,120,69,52,77,70,48,107,50,86,122,113,99,108,1,0
94720,190,120,0,104,13,3,208,187,231,193,180,120,16,72,255,206,65,188,134,182,170,46,35,237,41,118,78,160,50,85,174,240,0,1
62276,134,28,49,255,229,110,135,179,139,6,34,185,190,76,121,251,5,171,198,170,158,76,213,161,154,163,178,201,78,211,85,4,0,1
48134,47,99,75,103,122,81,112,120,78,120,100,110,49,112,85,49,54,115,111,116,88,98,57,98,73,108,49,111,87,56,107,122,1,0
59566,203,112,33,220,194,94,98,60,87,248,19,63,104,214,232,56,117,2,251,145,188,10,119,132,15,165,193,23,201,233,106,135,0,1
72603,82,49,70,113,119,98,112,119,85,101,85,65,56,70,54,52,69,52,73,107,120,116,77,80,86,101,83,54,76,70,72,101,1,0
76550,83,82,69,116,50,82,70,112,121,56,47,50,82,69,75,110,88,73,70,52,73,72,109,119,68,115,80,121,103,86,109,97,1,0
41959,102,82,78,74,76,72,122,81,118,69,43,104,47,69,100,109,77,84,78,102,107,106,49,73,68,102,109,104,81,116,82,67,1,0
21869,119,109,72,109,122,116,90,107,115,117,80,82,97,55,110,90,99,69,107,120,66,48,89,104,101,57,99,100,81,105,75,106,1,0
39836,17,238,44,29,58,204,20,5,99,110,6,39,225,41,223,120,146,110,105,26,179,45,132,241,14,53,80,198,189,67,150,152,0,1
73642,204,59,68,2,76,85,44,255,162,135,234,0,109,3,235,101,185,25,6,158,124,106,135,9,9,135,104,193,83,191,199,163,0,1
5258,191,95,240,135,44,91,196,36,174,251,163,129,161,193,208,214,138,210,161,146,188,250,38,189,17,24,98,63,154,214,138,35,0,1
17503,73,83,114,103,108,97,116,118,114,104,83,111,66,81,69,77,115,98,108,104,117,69,53,87,79,74,100,116,105,85,72,57,1,0
2199,149,41,243,142,50,144,159,256,117,170,203,130,71,235,49,70,99,115,165,172,198,155,59,245,132,48,23,251,48,214,6,35,0,1
50484,119,54,53,88,113,51,120,111,80,117,65,68,84,57,116,49,102,71,49,101,74,76,119,67,57,80,101,105,48,81,67,83,1,0
24894,241,251,250,56,222,126,116,69,98,246,44,48,253,31,237,110,72,9,103,57,76,1,45,74,162,37,202,230,122,252,228,99,0,1
1969,202,240,6,57,62,51,193,2,201,251,99,187,146,253,127,91,71,27,252,85,209,106,78,197,100,221,44,12,28,115,10,186,0,1
39378,110,51,99,84,80,98,97,83,56,109,100,88,75,120,83,118,99,97,102,67,101,73,43,109,76,90,121,98,120,107,47,100,1,0
28881,103,80,54,110,68,47,99,119,103,120,112,70,84,108,113,103,102,118,85,83,110,50,79,48,82,47,71,107,87,68,53,54,1,0
9380,3,25,44,170,2,65,238,134,67,9,164,26,100,172,172,30,28,74,53,214,142,122,148,88,185,212,187,27,68,122,233,35,0,1
27811,43,72,76,108,76,110,75,72,49,57,107,119,74,109,52,49,112,113,66,75,73,76,117,85,51,111,75,75,99,51,84,51,1,0
2316,115,89,75,72,50,101,69,47,114,82,110,115,55,76,79,84,111,86,111,55,69,120,116,71,115,97,109,108,113,107,50,114,1,0
15623,115,240,228,47,197,213,205,172,19,102,214,127,148,86,96,256,185,183,138,186,202,100,71,76,196,8,86,7,143,81,255,144,0,1
28217,128,170,169,206,81,13,233,158,124,189,97,158,63,178,252,193,23,175,149,227,136,112,190,103,45,109,37,126,236,94,116,202,0,1
13424,36,3,3,6,52,70,172,78,58,1,213,215,191,63,92,90,234,130,17,186,33,177,1,212,108,148,102,87,6,7,140,74,0,1
46986,199,239,256,128,187,183,224,230,95,136,255,127,238,149,47,223,209,182,52,184,123,71,11,53,119,64,74,188,242,133,75,112,0,1
54931,231,60,28,179,35,183,144,171,98,114,226,231,58,245,185,209,102,133,101,114,198,205,255,198,198,158,244,96,181,111,254,95,0,1
92870,77,170,193,1,123,164,40,207,246,91,211,135,163,39,199,63,69,6,170,214,52,197,92,193,19,47,67,143,209,247,227,200,0,1
47155,251,230,44,138,124,45,132,33,86,153,142,235,89,181,146,25,220,96,109,13,251,135,96,173,18,20,142,168,159,83,81,209,0,1
84958,76,103,74,112,54,81,113,72,84,47,90,70,86,86,98,72,68,70,55,77,114,65,66,121,70,114,121,117,48,50,104,87,1,0
96475,52,43,120,79,84,112,49,85,100,106,100,54,51,105,73,43,87,98,89,114,56,97,100,47,98,47,122,113,53,78,81,105,1,0
24146,11,206,129,230,92,71,145,103,46,223,241,36,162,63,18,112,97,63,154,104,173,77,90,181,22,101,226,40,68,115,46,145,0,1
24134,175,81,4,144,172,123,12,179,70,242,123,248,125,207,179,203,63,75,190,152,136,23,147,252,41,118,47,252,71,142,89,167,0,1
5157,25,220,179,208,70,26,154,217,32,46,17,106,161,9,150,202,143,119,211,172,219,168,232,133,252,0,185,226,195,220,212,209,0,1
79274,72,90,68,65,50,52,81,121,78,82,86,105,119,116,56,54,66,86,71,54,68,65,47,108,120,110,118,80,51,71,113,68,1,0
85068,113,118,65,49,71,106,67,48,120,99,116,114,120,102,67,77,66,72,74,111,49,97,54,105,69,47,86,108,116,88,43,101,1,0
86986,87,105,54,54,107,53,48,76,73,118,47,116,79,118,110,81,67,57,47,51,105,54,100,120,77,121,120,114,50,84,66,107,1,0
41996,24,181,204,28,16,0,129,21,181,245,103,105,139,16,41,26,81,117,216,89,17,80,21,154,26,56,12,218,98,14,16,233,0,1
72857,10,61,107,248,45,145,137,207,77,22,67,74,113,13,224,37,107,30,193,238,19,146,117,36,5,60,207,66,148,139,21,70,0,1
96246,89,56,121,103,81,70,73,52,73,79,114,104,119,52,113,57,75,79,111,79,83,97,98,107,89,70,102,56,113,98,113,90,1,0
65911,76,106,110,121,86,108,103,116,68,97,67,104,107,121,81,84,75,112,87,76,98,72,75,66,76,65,104,83,78,101,116,111,1,0
10913,111,43,120,81,108,84,97,53,99,116,78,110,103,49,100,120,65,57,87,114,109,85,77,76,104,83,57,48,52,118,116,78,1,0
45748,97,56,101,108,109,67,102,109,71,100,43,101,83,109,86,76,66,87,43,119,113,69,102,81,89,70,103,111,50,77,115,89,1,0
87382,70,120,51,81,52,51,87,119,87,109,78,55,48,81,67,53,88,100,79,111,84,98,118,110,89,86,66,122,82,117,120,105,1,0
87415,50,8,215,169,173,200,81,162,246,163,208,211,225,36,159,55,49,21,41,207,166,120,218,181,128,132,146,66,237,25,10,87,0,1
7752,73,65,73,53,71,77,76,72,53,77,76,109,103,83,73,47,85,68,83,75,77,107,100,87,54,120,102,112,79,53,111,73,1,0
89881,80,103,90,56,86,98,83,115,98,84,120,82,106,107,74,86,119,82,79,72,88,116,85,102,67,118,104,75,97,113,116,88,1,0
86292,79,217,52,9,221,241,76,119,250,227,132,176,0,171,133,59,181,89,28,22,46,108,70,172,107,110,199,76,42,214,31,220,0,1
32908,98,73,74,70,73,56,102,105,116,51,57,106,99,106,87,98,99,109,107,65,88,55,117,107,84,73,43,50,112,121,78,120,1,0
25732,46,65,111,255,203,47,163,247,73,99,77,126,153,33,188,189,151,104,217,41,65,41,209,114,155,131,29,123,150,236,85,73,0,1
60221,72,36,60,39,134,64,243,180,126,170,235,182,83,132,203,216,179,15,66,92,16,16,245,41,201,128,249,195,219,143,198,202,0,1
93344,68,83,51,121,97,122,77,71,105,120,50,83,101,88,73,120,47,57,75,54,104,85,121,85,104,119,43,97,53,113,89,78,1,0
62836,128,176,123,161,194,46,99,1,33,214,246,227,79,238,104,113,163,146,67,186,206,0,144,245,229,219,46,115,206,133,19,179,0,1
45448,121,122,85,48,99,66,80,80,118,57,51,82,70,74,86,100,53,114,106,108,71,55,48,76,70,89,87,75,67,47,81,108,1,0
36881,79,112,104,109,47,105,78,110,71,89,43,79,81,114,56,73,84,121,114,80,74,88,98,75,75,55,119,81,71,65,86,118,1,0
28026,72,69,117,66,110,115,52,86,53,90,84,48,66,105,97,48,43,85,100,78,117,66,82,87,70,70,115,79,43,112,65,115,1,0
72093,192,175,235,62,229,156,24,71,107,113,201,104,86,65,167,62,117,139,105,198,193,255,251,104,172,111,202,117,141,105,7,229,0,1
45328,81,116,56,90,70,68,68,109,98,102,77,68,114,43,114,51,55,82,102,47,105,112,49,99,97,69,55,52,107,51,54,90,1,0
63556,33,118,0,20,163,253,55,216,231,28,79,85,41,55,138,63,99,214,169,147,113,37,117,248,85,227,168,114,160,200,48,48,0,1
38698,50,166,222,164,230,193,130,36,109,249,76,63,32,189,52,61,207,215,122,175,93,1,6,105,108,120,187,133,106,25,235,46,0,1
50338,73,255,192,66,156,205,96,218,88,11,229,11,89,144,214,209,205,18,202,182,196,73,47,149,42,98,85,162,176,18,39,123,0,1
68550,255,214,250,6,3,141,73,250,232,228,42,61,168,240,182,107,44,123,87,74,34,113,243,219,144,160,146,35,39,107,23,184,0,1
15197,78,158,191,250,188,47,15,180,130,16,225,168,108,95,31,29,30,29,17,59,165,43,52,79,235,183,3,208,38,183,240,239,0,1
93770,88,80,113,81,56,72,112,78,72,47,112,52,71,81,117,53,82,43,109,71,88,82,66,115,89,48,102,111,68,48,80,71,1,0
25286,49,53,110,147,105,24,160,2,163,232,120,180,11,214,183,139,211,223,173,30,215,45,65,170,68,0,223,35,109,48,112,186,0,1
92493,82,73,115,99,100,66,79,109,98,71,49,43,66,47,102,43,77,107,81,80,113,109,103,112,43,122,48,98,86,71,65,110,1,0
87632,85,151,246,17,169,33,148,143,5,36,163,217,192,113,106,1,99,82,79,183,165,153,198,85,163,58,34,102,19,224,221,34,0,1
40783,109,110,82,73,97,57,75,50,117,43,116,76,118,113,53,120,111,74,68,115,72,78,74,66,114,118,65,73,99,107,118,87,1,0
36437,30,157,80,193,31,126,60,90,96,209,216,218,47,209,91,131,228,104,74,6,129,251,130,33,12,97,131,21,192,242,100,31,0,1
60520,69,114,78,52,72,104,97,67,99,106,48,112,54,89,102,116,99,75,108,83,114,87,75,49,104,87,51,110,107,67,72,53,1,0
98625,224,119,115,141,185,108,223,181,92,65,252,206,149,93,105,58,128,90,31,171,163,176,235,170,77,162,119,197,57,154,55,40,0,1
84238,100,87,85,57,57,102,116,99,66,99,48,88,67,43,49,43,114,98,121,105,105,108,103,97,68,73,70,107,79,104,43,116,1,0
70210,167,147,47,12,240,219,231,148,17,16,14,45,183,235,68,168,218,15,134,242,137,245,215,84,222,222,0,94,20,227,155,30,0,1
17121,241,141,146,13,123,170,192,161,186,186,174,12,186,164,197,25,136,168,74,249,127,53,74,10,67,98,166,200,86,4,8,200,0,1
41943,68,43,49,88,111,66,121,72,98,97,76,105,53,108,120,113,54,73,118,49,103,83,55,65,74,77,68,118,100,108,70,66,1,0
77970,162,2,48,73,240,218,171,89,4,9,42,187,182,230,4,193,245,164,112,201,230,247,6,212,208,207,164,196,239,71,46,247,0,1
45279,115,88,97,50,76,66,74,117,100,122,98,84,101,120,74,120,88,66,43,106,87,110,116,68,84,67,106,65,48,68,47,83,1,0
98441,134,133,20,200,4,55,33,55,56,209,148,36,47,167,82,172,24,36,230,160,122,127,248,172,248,248,239,73,86,183,211,70,0,1
49940,11,204,85,23,189,151,187,123,114,75,71,152,123,245,176,186,175,33,195,118,114,157,164,14,192,150,187,234,206,163,147,18,0,1
53221,131,76,38,74,0,209,247,120,176,249,51,46,41,16,153,20,14,153,164,163,162,176,93,142,41,162,42,135,95,230,86,95,0,1
11266,190,224,45,219,191,55,151,115,5,177,137,155,72,101,199,152,227,251,32,121,128,74,154,129,102,58,233,136,39,254,211,83,0,1
70977,88,43,114,121,100,98,102,47,114,119,66,111,104,122,122,54,65,84,65,122,48,103,106,110,86,110,100,90,110,49,70,109,1,0
73682,115,223,98,240,31,61,55,5,226,94,69,176,219,59,214,207,168,109,174,206,192,111,117,106,201,187,86,118,48,221,28,103,0,1
721,199,41,13,91,24,1,93,13,175,213,45,161,245,162,131,218,125,5,216,5,45,17,201,219,5,9,225,100,42,162,27,43,0,1
75259,47,43,68,82,105,84,75,84,65,106,75,106,116,110,85,90,105,81,83,121,77,105,43,106,118,119,115,48,101,74,74,82,1,0
91553,53,107,102,112,111,106,69,106,65,107,88,84,101,104,118,65,120,43,53,52,118,102,112,119,117,77,99,104,84,80,115,112,1,0
52163,77,125,194,216,160,3,160,72,188,228,73,185,143,94,132,114,110,178,209,83,51,44,130,228,100,252,126,139,249,37,207,73,0,1
94435,47,80,72,81,72,43,112,80,51,122,51,50,47,118,77,90,122,107,114,116,118,49,80,43,51,102,66,73,49,50,68,81,1,0
99372,86,66,104,107,110,86,82,98,119,112,104,71,76,100,119,52,89,89,100,83,107,117,109,108,86,70,74,89,113,88,79,99,1,0
5013,69,68,157,194,0,12,87,226,63,141,153,160,32,152,150,23,38,3,181,130,111,241,123,239,74,4,31,243,173,143,0,112,0,1
56097,90,68,98,74,107,98,121,111,70,113,77,70,51,110,56,47,54,65,80,87,48,119,113,103,105,81,98,99,76,65,88,76,1,0
17526,110,105,106,47,100,100,72,80,118,97,88,77,48,120,54,71,122,107,118,80,43,101,98,50,117,97,50,89,79,85,73,105,1,0
36606,122,66,97,103,105,121,120,65,112,118,104,67,109,84,106,109,101,54,104,82,57,122,66,68,48,116,88,90,97,105,117,99,1,0
90992,105,106,109,108,81,119,104,76,47,109,85,115,67,108,86,87,86,90,79,118,108,80,71,85,116,104,84,117,102,98,102,79,1,0
31918,76,65,54,55,65,74,86,85,100,86,99,110,69,48,111,80,110,105,54,112,75,82,53,65,115,71,85,66,110,100,106,110,1,0
69780,86,69,43,69,102,98,87,67,57,106,97,98,54,89,72,117,90,66,53,57,73,110,88,109,53,47,70,120,120,85,71,97,1,0
17975,66,102,103,106,86,106,109,75,53,81,67,105,82,76,112,65,72,51,90,57,50,103,69,55,66,56,56,50,84,50,55,72,1,0
91138,65,98,65,110,78,97,107,120,113,78,117,121,69,69,85,106,54,70,90,118,52,87,89,43,110,52,90,117,109,50,113,116,1,0
5162,18,46,34,229,157,253,246,85,104,11,98,114,68,170,186,180,31,106,124,19,93,38,58,6,5,224,78,89,201,95,184,143,0,1
59267,205,127,104,237,14,198,13,244,226,39,15,57,103,234,245,91,83,225,226,107,14,252,248,250,4,152,141,235,29,238,139,177,0,1
63992,110,110,109,48,113,99,74,89,100,66,49,89,89,101,100,110,69,50,118,65,75,73,82,98,103,65,115,76,48,102,109,110,1,0
47812,14,226,77,203,182,202,182,139,136,74,175,225,5,244,33,221,149,62,10,203,211,218,137,85,218,249,43,184,122,52,94,102,0,1
178,247,247,145,49,34,133,16,39,4,212,1,236,86,73,187,26,198,91,174,149,233,109,179,174,241,47,25,96,38,116,85,118,0,1
22953,98,52,54,50,72,122,77,79,85,69,53,118,104,110,117,72,54,105,103,75,74,70,71,89,70,113,53,66,119,53,83,88,1,0
26156,98,119,52,83,101,86,115,48,71,79,70,110,97,89,117,71,115,120,104,49,116,121,71,68,57,48,53,67,52,116,107,74,1,0
84358,102,20,141,171,90,221,234,73,11,126,35,154,167,255,249,61,75,155,15,90,41,120,69,5,138,100,214,199,209,218,139,232,0,1
78458,56,71,116,82,73,51,76,52,90,90,77,101,99,107,49,102,104,117,48,66,112,119,120,47,113,120,65,72,88,106,104,76,1,0
33950,25,171,42,103,187,250,198,148,210,175,224,210,123,150,55,9,178,174,84,9,250,108,151,121,191,70,230,69,14,217,242,71,0,1
34884,3,126,71,98,254,189,207,168,214,54,121,32,66,222,139,199,174,11,132,110,56,16,95,251,16,155,11,123,206,128,25,81,0,1
45819,87,65,56,82,68,53,79,69,112,108,84,83,75,108,88,122,104,73,100,83,100,100,73,66,112,66,84,109,51,54,81,88,1,0
5447,191,186,34,102,83,116,100,60,178,233,84,105,48,200,148,37,207,221,147,157,80,166,32,139,114,21,121,213,175,137,187,144,0,1
44816,193,248,150,60,45,128,102,188,212,182,78,61,101,54,3,217,59,43,164,211,39,209,166,204,18,155,189,186,31,79,250,156,0,1
83067,57,105,84,51,80,102,84,90,103,98,108,103,81,89,98,117,120,55,55,111,111,76,83,102,71,112,119,90,107,78,108,107,1,0
83762,114,47,97,122,65,72,89,110,119,52,112,105,67,78,82,84,74,116,108,112,120,51,48,116,43,108,77,87,118,107,68,43,1,0
80219,100,126,90,130,101,27,187,105,213,98,89,227,171,89,39,222,49,256,183,114,197,181,20,41,247,249,209,146,174,43,240,165,0,1
88046,80,107,145,58,97,256,208,83,147,96,254,108,72,58,108,9,137,44,146,10,210,28,225,59,12,123,62,190,34,163,98,48,0,1
78101,73,71,81,104,68,103,119,114,85,57,73,120,102,69,119,122,116,55,53,115,69,74,83,55,81,69,105,122,98,109,43,65,1,0
97649,91,101,25,155,24,151,63,29,209,225,110,139,37,211,145,209,221,85,235,158,184,42,132,120,47,4,164,146,198,231,224,202,0,1
28561,49,74,122,54,121,73,105,99,57,85,84,48,75,67,47,86,109,120,122,66,118,110,53,99,54,66,82,100,114,109,71,119,1,0
66320,106,105,122,81,88,72,110,57,113,66,66,106,69,48,84,116,106,73,115,68,54,68,76,97,78,71,79,77,112,99,86,55,1,0
31795,12,175,227,94,81,130,217,177,116,12,229,38,138,83,207,185,125,232,206,19,44,130,106,100,58,175,185,21,230,168,88,156,0,1
38825,151,113,144,102,135,193,19,163,225,240,98,138,148,3,191,253,9,40,191,193,81,224,73,167,215,4,220,20,242,3,139,160,0,1
45764,222,119,27,90,157,114,84,84,101,85,84,10,108,217,42,65,177,237,131,82,183,160,147,178,89,119,44,171,234,63,114,222,0,1
43445,85,102,80,119,83,86,50,54,49,87,81,87,98,112,99,78,48,121,66,117,115,119,101,121,49,79,49,117,113,116,72,65,1,0
22309,98,81,73,47,87,65,54,73,99,50,122,74,115,117,48,78,52,73,100,69,68,100,114,74,77,111,87,116,65,97,68,97,1,0
91731,109,50,88,115,110,57,85,99,116,114,51,116,79,72,82,97,109,70,115,117,51,51,85,47,82,79,100,110,71,50,73,71,1,0
85650,71,97,81,80,66,71,47,57,80,90,99,73,86,70,53,109,119,56,57,49,71,75,55,50,79,85,83,104,76,97,114,47,1,0
35001,204,213,27,187,171,93,29,27,14,207,201,79,29,199,212,125,78,150,160,64,48,92,34,16,55,58,7,76,43,199,67,44,0,1
83447,102,109,82,50,116,98,120,110,105,108,56,98,53,120,112,69,114,74,106,72,78,90,81,99,84,88,89,57,54,87,74,111,1,0
83621,239,125,238,4,171,100,28,188,178,204,72,253,210,35,250,244,75,239,104,211,212,68,78,147,151,251,42,21,164,226,189,47,0,1
647,139,241,191,231,37,221,45,157,43,129,31,140,98,35,109,143,227,133,52,142,111,234,186,251,165,111,233,20,163,241,3,88,0,1
70575,117,172,169,236,234,116,232,208,145,138,250,183,2,164,234,39,197,102,156,97,161,172,121,138,217,156,170,229,251,9,158,127,0,1
63044,226,21,9,31,123,106,35,49,158,182,10,85,251,217,134,61,189,92,23,137,218,76,204,71,5,169,9,16,223,147,211,216,0,1
91169,225,198,223,247,190,2,50,142,152,89,30,102,189,135,199,219,146,190,12,236,13,154,72,251,224,157,182,36,174,76,33,32,0,1
73202,106,67,110,70,112,54,122,86,111,113,110,82,121,54,122,78,52,71,53,101,56,107,89,104,51,66,72,119,85,65,89,99,1,0
67203,118,82,97,77,114,101,111,104,100,70,74,69,65,106,71,79,82,118,70,98,85,81,57,49,49,83,74,86,121,75,105,52,1,0
13550,72,211,193,41,228,87,184,44,18,19,202,181,103,96,207,200,63,173,19,1,244,205,150,18,17,245,25,164,99,7,94,80,0,1
94393,74,114,66,65,47,100,90,122,87,49,90,82,118,69,106,88,49,117,90,90,74,116,119,113,69,77,90,85,72,76,104,80,1,0
50375,99,235,78,118,62,58,46,59,94,97,0,202,14,139,154,116,71,125,18,156,240,56,96,243,89,144,182,209,189,138,4,131,0,1
63745,120,89,57,104,105,84,67,108,99,75,109,85,81,84,73,107,82,82,53,70,71,68,97,74,97,67,73,113,84,73,79,107,1,0
92710,72,112,120,50,66,47,67,108,80,87,111,102,117,114,114,101,79,99,88,53,48,100,103,55,121,80,56,110,86,108,84,115,1,0
97538,251,90,120,25,128,163,80,80,208,63,5,140,223,124,193,50,95,174,137,174,49,253,141,223,117,54,91,113,165,130,180,12,0,1
77111,236,226,102,39,221,78,207,85,86,131,55,101,83,51,41,181,130,188,154,207,111,88,157,163,35,101,11,135,135,145,152,96,0,1
32943,137,167,242,42,182,220,183,1,226,45,55,132,249,232,32,208,6,180,114,67,202,126,232,112,169,188,34,84,8,198,73,38,0,1
51147,121,70,85,55,43,85,76,103,72,78,43,51,87,116,107,98,65,74,70,66,56,85,111,109,78,101,70,82,107,103,119,88,1,0
64770,125,158,81,216,67,106,235,238,118,64,2,112,141,244,185,141,234,86,118,13,107,115,150,176,173,247,191,49,33,178,48,129,0,1
74346,43,97,50,49,85,79,101,85,122,47,82,80,120,83,115,105,86,99,65,56,104,106,100,83,113,65,47,67,81,76,100,103,1,0
15557,197,226,205,60,92,122,62,231,215,141,72,55,211,13,5,132,142,79,76,110,124,57,37,27,188,189,165,173,122,70,88,58,0,1
5270,8,237,182,83,164,237,27,96,71,211,23,71,88,159,236,85,83,182,144,29,163,151,220,255,54,192,69,95,204,181,219,85,0,1
88704,102,57,110,113,52,84,119,81,106,52,101,113,107,108,49,83,55,121,87,111,111,107,82,107,74,85,114,68,106,119,106,81,1,0
42922,126,210,179,93,43,39,207,176,72,205,166,55,245,113,157,12,208,89,92,46,114,84,188,1,66,75,12,83,64,148,199,23,0,1
30735,79,43,75,109,83,68,65,77,100,105,90,99,49,68,100,121,80,113,56,85,66,115,50,111,53,71,85,111,121,110,54,56,1,0
22962,4,230,113,30,121,203,155,256,244,36,45,210,127,16,142,125,49,50,112,8,55,42,21,163,76,224,179,67,32,245,60,221,0,1
20098,114,51,104,84,51,78,81,52,98,87,56,121,97,88,57,80,48,120,48,98,116,78,121,66,81,118,47,100,104,108,113,55,1,0
61067,88,235,38,31,137,35,248,70,124,43,166,195,12,90,65,58,82,51,204,44,10,222,164,103,2,22,194,126,254,230,99,217,0,1
91800,71,80,106,66,76,74,121,102,105,53,100,76,104,75,50,98,111,81,67,103,43,99,68,122,75,97,82,97,54,67,112,120,1,0
45903,82,76,50,68,79,90,73,81,50,87,56,105,77,68,122,118,54,76,97,82,65,82,107,121,111,88,74,55,82,99,118,66,1,0
2338,54,53,71,67,51,70,90,68,69,122,120,109,119,106,121,98,115,67,121,102,113,89,89,73,89,111,67,103,102,101,54,55,1,0
84140,234,22,32,223,25,40,66,119,110,236,128,114,175,3,126,226,93,149,185,118,223,200,134,53,31,201,42,155,160,215,98,145,0,1
89706,122,114,106,82,116,83,102,107,84,43,72,114,111,78,116,73,50,52,97,85,67,87,48,52,108,90,102,52,117,49,112,47,1,0
63957,78,71,101,76,97,119,72,69,80,81,100,78,51,111,106,87,57,105,116,76,80,71,105,86,100,57,77,57,69,108,72,100,1,0
34805,117,71,68,98,80,55,101,77,56,73,78,48,81,66,122,121,104,77,72,89,99,54,74,106,83,78,50,90,107,83,113,122,1,0
90555,84,97,72,97,87,67,108,90,76,108,50,114,74,103,101,113,43,47,114,100,52,107,85,51,119,67,83,100,117,56,102,115,1,0
72076,52,48,48,48,117,122,109,103,54,110,71,106,85,54,74,80,122,108,76,86,83,104,65,74,65,81,87,122,56,113,121,48,1,0
43357,216,89,180,9,72,156,240,229,98,132,182,209,34,234,54,141,68,208,141,191,51,226,214,56,232,237,251,92,250,164,131,61,0,1
19523,81,65,114,115,47,98,85,120,82,106,109,83,67,115,116,52,88,70,98,86,112,105,85,72,121,49,47,50,76,83,70,50,1,0
10411,193,170,38,175,125,59,122,89,37,74,50,25,206,146,35,195,117,70,54,94,49,69,158,33,64,147,210,0,94,220,78,52,0,1
44424,157,62,148,184,158,135,188,235,124,145,234,46,59,53,192,207,186,183,124,3,207,223,196,115,62,189,167,239,24,171,217,31,0,1
60856,179,26,85,118,21,130,39,119,232,161,80,137,103,242,146,150,69,73,234,169,146,6,203,121,7,21,124,25,209,35,70,78,0,1
549,76,69,79,110,79,99,108,79,117,122,111,88,109,49,99,57,52,106,113,54,100,121,105,118,104,107,68,76,76,78,120,114,1,0
50271,200,69,90,212,75,207,62,28,12,49,4,197,166,236,59,190,76,187,127,141,62,169,123,187,202,60,223,90,255,82,205,113,0,1
9112,99,177,109,197,119,130,41,158,16,90,9,67,95,25,72,249,94,104,105,221,98,158,99,174,224,197,172,194,239,206,96,83,0,1
57077,172,235,89,201,140,154,179,23,32,175,162,39,156,213,235,131,1,145,145,165,98,84,81,48,23,1,237,165,127,109,149,221,0,1
69547,47,50,87,112,114,106,112,55,102,109,54,87,50,49,82,110,50,57,51,85,108,81,84,68,84,66,112,118,111,103,76,79,1,0
75513,199,169,22,168,17,121,44,33,214,121,102,209,255,178,241,226,248,73,131,68,251,143,253,119,137,10,58,27,62,146,43,231,0,1
95387,52,77,82,108,75,50,98,107,118,122,49,47,49,52,75,70,47,119,89,69,49,51,80,86,68,56,67,114,118,90,75,67,1,0
3895,53,79,84,80,71,104,108,99,52,105,71,99,121,50,75,115,70,57,74,43,51,111,120,75,90,100,105,89,51,112,56,109,1,0
95690,56,57,102,89,85,116,100,80,70,122,117,70,49,74,90,57,107,65,99,118,116,107,77,49,121,110,120,102,49,115,53,83,1,0
3163,115,78,56,80,118,121,68,55,70,85,119,57,85,82,102,77,81,68,80,104,66,111,86,49,119,47,80,113,122,110,104,77,1,0
21487,100,115,118,81,65,115,120,52,50,112,78,99,121,77,53,115,70,80,115,52,86,90,74,97,49,113,86,56,85,79,110,109,1,0
58932,116,97,71,100,108,49,86,104,48,109,119,90,101,104,76,81,108,115,49,76,117,122,100,76,85,53,65,83,114,47,102,84,1,0
39085,32,201,204,248,38,60,180,245,166,244,179,133,44,177,152,16,252,104,15,195,39,210,48,1,253,210,158,63,4,168,21,221,0,1
30603,69,86,105,108,55,70,119,43,113,79,55,65,53,78,68,81,85,43,112,54,67,82,56,72,107,43,88,84,86,107,103,104,1,0
40533,55,115,99,89,102,72,114,119,119,83,84,57,66,88,77,73,76,104,49,70,49,99,111,80,112,78,54,55,113,55,98,71,1,0
36319,68,43,50,78,73,113,111,122,109,68,56,52,105,65,53,49,104,115,52,80,102,54,47,111,99,108,51,117,102,73,82,68,1,0
89826,100,97,56,74,117,103,90,118,108,65,77,88,77,108,102,51,89,108,122,80,51,112,102,52,103,85,84,99,68,99,51,73,1,0
74764,43,122,78,81,80,86,66,114,101,50,90,50,81,74,83,113,120,101,106,83,78,85,112,82,97,89,104,52,107,118,43,117,1,0
97948,98,83,75,54,77,80,81,43,54,105,114,55,104,88,121,71,87,53,106,108,67,103,118,57,71,100,103,74,99,51,75,120,1,0
22860,117,77,86,56,111,57,72,53,100,80,85,49,88,76,104,69,114,121,75,73,90,114,53,111,121,69,87,74,55,82,67,56,1,0
97479,0,158,125,222,193,170,67,218,95,228,47,15,236,205,151,104,254,255,47,62,47,73,97,40,150,1,86,37,9,113,181,242,0,1
88880,70,110,100,98,116,112,50,69,109,66,117,51,55,71,115,48,105,105,118,112,65,80,102,76,74,87,48,85,72,108,49,108,1,0
35635,49,122,66,70,71,117,108,65,120,72,77,56,113,69,50,110,77,69,106,105,56,71,77,80,72,102,109,122,72,85,117,70,1,0
48435,104,86,87,85,109,76,80,56,76,97,113,53,73,82,99,108,90,113,71,105,85,57,71,88,120,67,116,109,99,117,55,111,1,0
26422,255,25,199,152,86,244,223,1,116,72,124,213,55,9,250,123,147,64,150,161,25,125,17,33,71,152,37,103,202,1,244,60,0,1
60274,229,29,63,49,203,239,110,138,239,75,100,214,238,168,73,133,242,120,211,146,217,199,199,122,243,73,212,214,182,88,168,119,0,1
10716,243,35,178,249,127,22,163,226,208,99,38,112,16,132,41,182,137,32,162,19,188,178,128,245,95,76,193,18,135,92,93,160,0,1
65096,79,79,101,103,108,82,70,106,90,88,103,88,106,43,98,68,100,71,102,90,118,43,119,76,87,51,82,85,47,53,109,74,1,0
13665,122,111,49,75,117,107,115,98,48,47,109,83,108,111,84,66,43,119,101,68,121,82,98,100,97,49,66,81,119,66,73,102,1,0
89178,80,83,65,55,117,80,53,88,107,111,100,65,54,78,113,101,90,76,80,87,101,99,118,56,50,71,107,67,73,50,72,69,1,0
75763,67,101,90,115,75,104,82,70,80,89,73,48,51,120,86,73,51,65,89,104,107,101,57,47,100,103,51,49,119,55,52,80,1,0
77230,104,86,174,229,211,157,21,218,240,76,155,208,195,167,230,49,2,36,146,226,220,96,67,256,1,112,74,155,119,76,140,255,0,1
35464,48,54,7,227,115,100,180,207,56,194,10,45,39,248,101,53,10,21,248,219,9,211,47,255,146,130,18,232,66,12,99,140,0,1
7182,3,66,144,121,252,38,253,99,114,49,31,242,196,107,84,31,69,116,195,54,133,159,187,194,125,221,103,15,247,213,104,17,0,1
25945,111,66,53,99,70,48,103,56,47,118,70,88,71,116,77,65,109,88,109,51,68,75,114,98,66,99,73,81,105,99,81,75,1,0
521,205,85,150,157,222,145,111,145,243,33,214,255,149,212,247,31,162,245,126,228,185,154,178,29,127,234,36,178,142,43,195,40,0,1
72602,161,179,190,254,239,45,39,92,2,242,214,123,188,33,51,127,125,146,208,30,15,139,131,48,166,124,30,104,79,39,62,235,0,1
94960,107,101,111,82,49,97,100,67,114,112,78,82,104,108,85,87,122,85,111,73,43,69,109,54,80,57,75,118,90,121,110,98,1,0
61829,135,208,198,91,196,16,187,70,209,122,184,114,36,39,28,119,188,250,22,202,216,143,172,166,215,74,61,175,26,248,131,187,0,1
68965,66,47,89,104,234,95,67,152,248,193,174,246,40,102,163,170,177,49,101,229,40,216,78,209,144,99,130,51,195,178,60,254,0,1
93137,100,236,124,88,129,173,49,237,5,62,154,141,134,99,154,232,215,211,159,241,152,96,115,137,19,30,77,49,129,211,177,165,0,1
3013,17,142,113,212,143,144,80,210,13,247,162,240,180,141,123,2,134,127,155,229,163,106,118,182,102,200,54,0,148,155,74,241,0,1
23831,75,67,70,83,74,112,85,68,116,117,47,103,53,104,71,75,67,104,85,55,120,43,68,113,50,116,79,101,83,66,49,119,1,0
7605,178,25,130,246,248,194,255,57,230,165,190,108,92,164,155,102,156,221,234,251,66,158,189,250,110,134,63,220,74,94,162,122,0,1
28312,84,108,78,68,65,87,115,104,49,70,43,112,79,106,98,69,84,100,98,48,75,73,66,122,75,51,78,56,75,48,109,56,1,0
45039,115,214,21,107,29,243,214,187,138,207,43,210,3,66,249,12,245,97,58,185,224,249,75,219,162,38,87,86,157,230,216,156,0,1
16972,51,67,112,118,79,106,56,121,83,50,65,82,47,67,121,78,65,78,104,116,100,78,88,104,82,118,57,76,111,73,52,104,1,0
41451,102,53,78,116,53,108,69,84,67,101,99,54,112,102,115,43,104,102,120,77,53,67,52,57,104,89,55,81,80,72,108,98,1,0
17636,216,157,109,149,51,49,91,75,43,221,237,109,81,19,100,110,140,29,111,99,241,206,187,157,86,26,107,55,129,128,78,221,0,1
33060,97,116,84,100,90,114,75,83,106,57,119,71,111,112,113,106,122,98,116,83,118,57,67,72,117,78,79,47,103,119,111,53,1,0
75753,68,112,81,107,69,115,55,55,105,47,109,72,103,49,90,104,116,75,47,72,109,110,116,115,73,70,74,115,56,100,56,47,1,0
47518,50,98,112,49,108,74,56,52,97,110,52,107,48,55,82,120,82,120,72,54,50,116,117,71,116,119,80,52,113,89,74,69,1,0
80578,111,134,121,140,176,119,221,103,249,71,35,84,10,142,96,103,151,94,13,170,219,160,161,81,134,79,89,0,67,143,109,190,0,1
54154,122,103,122,122,115,88,108,108,84,48,51,108,57,110,70,76,107,112,105,97,51,57,114,57,89,66,43,84,109,54,72,80,1,0
51256,68,113,78,112,110,71,98,100,76,107,80,89,81,99,73,107,84,112,122,111,67,76,52,104,71,88,103,69,54,99,83,106,1,0
18993,120,108,72,106,82,70,69,105,43,66,84,73,79,74,113,73,52,115,100,106,119,52,78,66,73,57,101,85,83,74,89,114,1,0
4731,107,77,102,120,47,75,116,72,104,86,83,114,49,72,84,106,84,121,67,78,52,65,77,67,87,54,50,51,56,83,88,73,1,0
28599,256,87,249,22,232,16,228,204,119,69,99,204,121,227,175,245,200,142,195,6,148,5,184,249,21,210,240,106,84,45,104,165,0,1
19039,116,70,51,55,108,78,83,103,111,47,82,56,109,120,43,97,108,109,106,48,108,100,121,66,108,107,65,85,121,122,120,107,1,0
96461,44,58,71,75,182,207,26,81,195,232,72,7,122,163,231,120,15,145,17,227,224,183,111,49,14,56,30,100,41,112,35,25,0,1
63099,79,114,122,104,88,106,122,72,114,65,89,47,110,101,115,51,87,105,112,77,101,121,118,76,75,66,111,53,54,120,51,88,1,0
72864,240,159,196,226,241,227,104,89,97,226,129,178,120,86,202,174,132,67,128,103,247,194,23,200,39,220,4,166,47,96,20,57,0,1
53946,28,221,99,78,108,182,71,62,100,121,48,17,76,215,2,53,209,31,252,11,184,64,130,73,217,66,98,76,256,207,215,140,0,1
20156,119,38,205,249,179,86,120,249,105,31,93,193,4,122,205,96,144,125,123,67,82,129,116,69,56,221,242,64,147,135,145,93,0,1
60257,54,69,118,112,43,105,72,86,55,106,111,83,86,80,97,68,101,115,87,71,71,80,109,98,48,70,54,112,122,54,87,50,1,0
89671,71,164,10,48,44,204,66,47,103,216,5,125,217,105,133,58,176,50,77,7,130,7,88,30,224,169,172,218,223,173,125,45,0,1
49228,83,65,112,74,57,112,104,51,52,89,48,69,112,115,56,83,102,65,106,88,50,84,77,107,107,47,107,84,65,76,66,79,1,0
11484,254,15,92,95,154,256,220,248,40,237,255,44,136,64,162,61,118,7,161,76,94,31,99,32,14,151,167,164,115,30,168,138,0,1
97105,122,101,73,78,74,120,67,52,49,74,75,88,75,97,55,87,117,73,70,86,104,57,110,57,80,71,110,55,79,85,99,119,1,0
96641,106,76,76,97,111,103,69,75,53,54,104,83,68,110,118,51,52,54,110,67,89,84,110,43,84,69,43,54,83,101,68,52,1,0
8914,75,106,107,87,7,244,148,171,149,59,200,69,157,182,99,155,45,148,104,119,34,248,62,58,40,98,115,64,67,149,35,195,0,1
70883,82,49,116,53,83,51,101,80,77,101,84,87,78,56,81,88,97,72,84,69,85,90,66,70,77,71,120,105,100,84,67,65,1,0
74005,68,78,87,75,67,108,118,99,77,66,118,110,116,111,112,47,109,115,115,51,122,51,51,115,74,112,70,75,112,82,85,108,1,0
79534,75,112,73,37,184,245,241,111,220,224,189,38,221,196,20,42,189,172,143,109,255,177,106,156,33,107,152,193,144,139,125,255,0,1
29804,85,89,65,119,87,108,79,86,101,113,117,105,115,106,57,57,48,122,51,65,98,122,75,85,122,54,82,47,49,104,49,51,1,0
45834,189,219,42,172,36,135,248,6,238,230,24,1,174,90,31,136,224,100,210,97,46,64,0,242,2,174,162,77,108,142,178,13,0,1
50702,57,54,106,78,115,100,122,106,72,119,122,90,70,78,47,98,71,100,67,76,53,97,55,57,51,90,98,43,74,88,89,76,1,0
91519,139,185,203,222,114,18,70,137,121,36,105,219,187,21,23,91,212,229,136,140,217,145,29,73,60,82,111,103,187,88,96,150,0,1
24862,230,5,249,36,144,202,15,79,186,237,162,80,116,57,222,8,24,191,204,169,90,154,199,48,226,251,195,74,187,160,205,27,0,1
75907,112,120,118,103,76,117,53,74,117,48,57,112,66,56,105,53,115,85,87,117,101,120,76,79,71,90,101,104,108,106,55,90,1,0
80066,155,22,241,21,155,55,199,96,224,115,7,169,91,174,51,50,190,155,62,85,131,162,179,217,205,227,246,126,244,54,118,211,0,1
72472,90,227,167,51,252,122,246,240,117,144,78,146,146,85,79,27,139,216,207,217,53,108,177,5,58,104,137,45,167,114,124,207,0,1
90559,70,127,147,160,16,133,196,170,13,238,0,207,108,111,8,65,184,251,219,22,192,128,162,47,200,221,41,9,175,71,45,76,0,1
64712,232,29,133,213,185,98,166,79,146,48,45,25,159,2,216,158,101,229,216,214,159,167,90,114,120,17,158,213,205,234,234,236,0,1
14985,88,82,77,50,98,85,115,121,102,119,103,107,104,90,116,104,99,48,104,78,74,122,67,112,52,73,89,108,111,50,109,76,1,0
46215,57,50,114,47,114,74,90,71,81,87,55,102,120,87,117,68,117,99,81,78,48,119,78,68,121,43,104,105,108,79,50,55,1,0
92460,59,241,230,189,86,208,106,67,159,40,99,214,184,152,143,174,72,243,215,233,92,97,131,214,196,240,197,94,122,69,156,174,0,1
76518,160,229,129,122,251,250,213,77,87,209,100,228,136,213,37,56,43,117,214,51,103,14,145,15,5,172,86,253,245,107,190,130,0,1
29588,200,139,125,226,94,214,104,43,109,232,29,103,218,162,33,97,210,76,89,186,157,29,13,39,239,206,109,2,69,72,134,24,0,1
20228,242,145,153,83,36,190,160,231,246,60,30,65,193,77,39,28,121,23,15,60,61,231,166,174,191,155,104,109,231,54,57,99,0,1
41025,48,73,113,121,66,107,53,50,66,55,119,107,51,75,51,99,117,121,72,81,90,67,75,98,111,97,86,79,72,47,54,120,1,0
81141,113,49,68,74,76,66,55,101,53,102,106,43,108,115,52,115,47,65,86,112,122,78,102,103,119,109,112,112,69,76,118,47,1,0
74309,22,164,244,128,21,85,248,173,166,87,132,75,186,61,21,201,207,168,237,1,201,220,254,188,76,116,12,13,60,76,39,44,0,1
75975,229,79,151,6,106,30,1,44,146,124,21,153,93,90,27,203,221,76,8,238,125,173,182,91,166,38,196,100,82,111,232,128,0,1
5314,107,98,99,71,51,100,99,57,111,119,97,120,79,73,116,81,50,110,50,69,75,71,101,69,50,114,57,87,74,106,86,119,1,0
93319,97,112,50,102,117,101,118,117,78,65,55,104,98,53,71,56,67,84,47,69,70,98,71,108,113,112,78,65,106,113,43,49,1,0
29766,114,77,109,108,109,84,115,100,111,49,83,72,99,120,104,103,57,71,87,81,79,51,71,65,108,122,116,81,43,110,118,79,1,0
92278,149,68,40,131,200,4,121,157,232,184,209,129,233,213,256,121,182,196,229,212,57,45,146,251,225,78,17,128,240,13,182,25,0,1
31883,225,72,47,155,254,237,10,127,46,46,201,152,60,52,135,150,100,162,150,42,4,117,66,181,195,73,124,240,242,155,36,42,0,1
70357,78,177,24,163,240,200,174,152,56,103,94,213,65,131,163,210,193,35,34,238,66,256,247,177,235,174,38,63,201,177,35,163,0,1
66709,240,241,161,198,178,164,133,31,170,67,150,96,67,175,167,114,228,175,188,6,58,69,25,232,8,36,230,123,41,156,108,187,0,1
45139,72,84,56,105,87,78,104,77,118,53,48,56,99,90,84,82,74,102,74,85,111,69,56,112,65,111,89,55,117,68,57,88,1,0
19885,63,13,37,249,61,148,35,20,104,141,255,140,38,123,197,147,125,16,252,98,34,188,30,90,225,118,244,118,37,191,161,170,0,1
64414,227,201,109,94,253,137,113,144,90,9,107,182,181,35,91,207,209,213,221,12,133,167,236,165,41,17,108,122,50,125,163,115,0,1
55979,226,30,205,56,172,79,168,185,47,126,112,141,233,93,26,169,247,206,84,46,55,199,75,113,83,175,36,32,5,65,6,123,0,1
89015,87,84,120,87,122,83,73,118,84,103,118,52,52,110,111,116,104,116,90,97,120,115,116,70,98,107,52,109,56,53,76,90,1,0
42526,53,116,9,128,96,228,105,121,221,122,202,214,188,144,7,211,204,72,62,179,175,64,209,124,144,53,80,40,96,18,118,199,0,1
48376,217,222,211,205,187,226,236,72,5,26,137,96,231,22,248,253,55,51,127,191,36,33,181,165,19,217,100,256,62,142,150,40,0,1
39097,119,30,97,135,226,60,68,85,191,80,140,149,117,99,185,241,151,108,221,152,48,207,196,86,256,185,172,24,43,109,163,118,0,1
91426,111,74,237,20,61,167,170,93,68,88,71,194,102,164,100,241,198,205,129,61,102,130,181,156,250,211,210,168,187,11,28,108,0,1
61900,149,172,80,44,4,62,194,72,199,25,250,7,115,107,21,193,87,204,209,223,242,48,112,54,59,96,156,98,154,251,143,55,0,1
42616,191,254,162,154,104,29,2,98,240,244,133,114,77,63,118,73,46,134,58,168,206,208,96,239,145,225,45,19,149,122,177,17,0,1
14068,114,111,82,56,80,84,117,48,84,83,73,105,110,48,71,99,68,87,88,89,84,100,105,78,104,111,53,98,84,75,114,53,1,0
84282,220,211,155,8,22,47,79,56,86,9,165,94,177,162,145,248,169,161,189,106,196,56,110,145,26,89,149,104,35,22,36,144,0,1
73870,115,51,82,87,71,120,122,80,85,71,43,78,88,103,109,104,67,69,51,102,107,115,103,56,88,116,120,80,114,117,116,53,1,0
39194,22,29,73,196,63,72,179,108,161,109,80,37,130,181,66,181,135,37,145,217,162,214,219,120,188,96,248,181,215,182,64,218,0,1
91939,97,117,119,72,110,116,113,105,112,70,57,117,84,77,88,113,119,73,77,109,65,66,55,65,108,67,97,90,122,99,77,109,1,0
33509,56,110,90,50,103,55,47,108,73,110,50,90,102,76,100,90,54,75,90,99,78,109,105,65,65,104,109,67,107,74,57,54,1,0
68904,111,47,55,112,75,88,101,80,73,68,70,121,83,43,84,114,109,57,110,76,104,69,51,78,105,97,67,76,56,75,116,81,1,0
93144,65,71,117,84,50,76,105,106,114,54,75,75,106,70,56,84,98,100,111,89,112,103,118,105,43,98,113,72,84,43,47,74,1,0
85317,187,158,89,115,66,98,22,61,143,224,245,11,239,38,242,153,119,70,6,217,215,229,97,69,242,130,10,239,74,54,221,219,0,1
52927,57,81,83,48,117,55,104,72,70,68,86,47,90,121,71,57,81,81,65,118,77,75,56,48,101,122,119,115,122,67,67,90,1,0
61531,74,100,87,75,54,101,69,121,53,79,101,84,48,74,70,84,90,67,89,83,66,55,55,52,65,102,48,109,83,87,68,114,1,0
60725,42,97,127,34,189,52,132,63,79,148,156,183,106,29,148,113,0,206,23,127,20,78,89,110,135,209,120,97,248,196,81,241,0,1
93673,56,104,106,112,98,104,66,76,48,108,115,115,90,118,118,86,99,52,107,75,72,88,87,116,51,100,88,119,120,100,71,72,1,0
55283,240,237,91,196,197,199,105,98,62,172,213,10,202,31,198,47,150,147,31,108,106,119,126,215,23,169,96,128,109,72,235,81,0,1
77785,111,69,118,112,118,109,101,83,117,107,117,70,74,75,102,85,57,76,66,65,110,68,53,97,98,100,99,122,98,76,89,51,1,0
40441,50,76,52,51,48,100,101,83,105,55,116,122,65,115,83,114,57,90,89,85,70,121,65,120,101,100,89,75,109,111,82,89,1,0
39638,71,52,77,99,85,73,85,82,78,54,99,73,106,121,110,82,53,82,111,90,67,122,108,90,100,119,106,89,48,89,53,77,1,0
88182,114,67,65,103,103,116,116,75,118,97,67,104,57,120,77,80,53,112,43,87,72,89,43,78,120,86,80,88,110,77,116,48,1,0
54511,158,59,71,186,196,28,101,109,204,137,154,151,94,117,53,134,68,17,169,214,155,114,172,199,139,198,107,130,219,101,200,121,0,1
84072,168,62,80,132,169,139,1,42,113,254,53,232,248,151,103,40,14,61,159,232,14,243,246,156,239,64,132,223,85,219,89,180,0,1
86449,9,164,79,237,185,186,149,220,158,65,151,27,129,130,195,97,143,130,191,6,247,31,146,217,94,175,178,125,17,120,226,175,0,1
36937,154,44,9,6,225,160,213,30,78,12,9,28,11,24,220,162,84,50,88,32,67,202,175,141,178,176,72,92,211,141,185,2,0,1
70790,103,28,3,155,87,56,254,148,181,181,28,162,255,144,180,59,113,27,42,198,94,53,160,5,5,216,147,84,81,131,69,228,0,1
62003,125,226,225,202,139,242,55,255,51,134,39,154,25,236,65,95,202,252,158,104,195,112,255,210,236,11,128,131,220,64,39,252,0,1
9097,81,189,135,56,77,100,193,222,177,145,20,209,62,108,13,18,195,211,236,65,39,93,142,54,150,3,13,147,145,192,137,11,0,1
6694,220,150,192,200,206,199,172,121,129,91,245,135,251,181,176,212,180,127,43,159,20,93,216,236,130,171,63,197,45,49,33,167,0,1
35857,107,65,86,82,84,118,102,90,76,82,80,102,100,72,121,114,88,115,57,121,76,71,65,105,84,53,82,98,66,115,74,107,1,0
44711,7,65,228,123,236,192,101,78,58,43,213,28,83,194,242,167,129,90,88,188,53,47,196,220,12,63,248,163,15,35,157,101,0,1
29896,40,195,254,189,215,225,38,221,198,59,4,67,11,68,234,0,95,2,229,215,224,183,77,128,78,69,165,187,162,241,116,16,0,1
76536,153,159,59,109,55,206,138,184,33,150,71,4,152,190,216,23,221,247,213,229,225,190,90,249,180,163,229,4,136,179,92,113,0,1
76181,85,88,112,54,66,57,71,76,85,68,99,74,116,112,75,82,101,113,72,117,74,101,111,118,121,108,75,50,69,80,66,109,1,0
52019,99,68,77,77,70,73,86,87,65,77,69,90,108,43,73,50,87,118,117,50,54,57,78,105,103,56,80,101,88,65,79,81,1,0
39564,4,48,188,75,15,17,143,44,24,95,64,114,220,228,53,31,125,177,109,7,225,137,23,154,43,225,230,149,27,117,92,132,0,1
5199,14,251,214,203,177,138,243,182,72,99,137,43,112,119,52,102,204,128,162,112,201,180,131,130,54,237,42,64,145,235,163,31,0,1
83075,88,79,80,121,52,72,117,77,71,111,48,117,103,117,83,112,67,100,103,113,57,72,106,68,70,67,99,82,89,118,85,116,1,0
36607,57,79,109,100,99,77,89,48,87,49,122,101,83,65,77,68,83,104,52,106,107,76,117,84,50,72,71,79,88,71,112,121,1,0
63038,52,121,252,138,99,71,100,250,28,79,241,77,7,72,122,46,78,54,45,146,256,25,207,81,73,195,32,253,201,168,186,15,0,1
82984,86,85,67,81,101,52,114,107,80,77,109,43,110,117,73,67,67,102,51,103,115,67,54,48,71,80,109,122,56,85,108,105,1,0
2618,55,86,117,67,101,102,86,79,122,48,122,104,86,43,106,57,77,76,102,86,57,72,74,116,78,87,54,78,70,89,84,57,1,0
82306,112,88,112,121,43,68,85,69,117,68,51,67,101,52,107,79,88,52,107,43,114,70,73,104,80,116,116,85,76,90,56,110,1,0
45768,150,180,29,239,77,196,165,47,111,87,33,12,18,48,15,70,174,96,117,217,120,150,44,66,83,137,205,42,84,106,61,5,0,1
66063,78,116,112,79,107,115,47,113,104,71,67,88,80,90,82,81,49,112,54,99,106,90,83,120,98,105,43,111,122,88,57,84,1,0
28480,82,104,77,105,73,105,88,117,114,79,66,80,72,97,80,47,56,83,83,110,77,118,43,103,115,114,115,121,57,115,74,117,1,0
12116,167,126,139,41,86,79,142,10,162,18,128,25,104,155,133,192,242,64,150,82,37,149,250,192,89,35,239,173,71,153,73,202,0,1
58184,44,195,204,62,226,6,111,114,137,201,256,214,100,120,132,3,148,128,110,123,82,227,34,86,2,138,63,252,53,162,197,151,0,1
11255,108,113,73,57,89,85,88,79,53,97,103,121,51,48,102,56,104,118,102,76,54,115,114,74,98,52,120,81,53,117,48,119,1,0
92131,120,5,238,93,22,21,143,195,17,52,234,197,185,162,63,248,192,242,247,54,202,141,131,47,18,254,252,131,149,221,177,2,0,1
48447,110,69,83,90,76,120,107,86,80,53,67,76,51,56,105,76,86,122,112,109,105,49,109,48,90,87,79,83,84,72,54,116,1,0
54053,57,72,82,86,103,113,89,122,81,75,90,56,90,97,67,43,105,87,65,72,88,65,83,75,56,76,118,49,80,72,98,57,1,0
10146,111,48,75,51,114,71,79,106,113,77,110,110,98,122,65,79,110,104,101,116,85,99,68,43,99,110,106,114,118,89,108,78,1,0
34999,112,17,75,79,184,51,253,62,236,48,183,42,238,78,28,43,190,54,160,48,248,234,160,201,12,57,124,207,69,157,145,140,0,1
73211,225,42,214,198,148,159,88,108,138,226,78,139,22,160,190,190,66,43,111,49,6,113,40,66,64,165,113,85,126,19,18,118,0,1
56234,111,199,40,57,29,207,121,207,126,231,180,216,153,91,42,162,100,29,67,50,124,72,202,174,36,131,180,120,17,224,183,20,0,1
66139,106,105,120,116,47,65,106,73,99,113,88,66,108,48,69,109,108,66,119,52,74,70,80,72,107,55,120,69,82,76,77,122,1,0
42638,76,89,86,118,81,49,74,85,56,105,68,86,81,57,84,51,113,122,47,110,111,69,80,69,49,84,114,112,105,106,71,103,1,0
59151,99,107,113,54,50,47,120,67,88,98,52,78,102,119,67,48,72,117,54,100,65,106,117,89,78,73,82,111,107,102,87,72,1,0
64609,73,50,104,69,105,109,78,68,115,66,84,82,88,108,107,118,85,97,71,102,113,79,118,68,74,108,109,79,116,52,115,76,1,0
56595,94,7,223,209,43,11,222,81,191,253,107,59,204,37,195,150,245,158,129,161,38,29,207,216,206,116,204,54,63,99,128,201,0,1
5667,68,88,121,74,100,82,100,77,66,102,107,70,66,76,83,48,89,65,53,90,109,109,70,53,79,87,90,115,75,90,83,82,1,0
83968,105,224,180,244,160,146,123,156,84,62,157,197,140,148,94,38,2,158,20,201,126,138,207,14,133,37,38,246,26,193,101,168,0,1
74067,68,78,77,115,107,103,81,98,48,65,109,120,106,116,69,119,52,56,109,56,66,112,56,109,97,105,71,54,50,122,100,103,1,0
2236,243,45,216,76,86,94,205,88,41,151,81,122,2,238,85,40,39,189,16,207,243,63,116,116,238,204,92,97,44,62,205,204,0,1
12477,190,105,32,233,251,32,226,136,104,195,164,33,71,64,226,254,91,164,53,173,84,39,69,68,96,254,172,106,71,225,155,246,0,1
4956,82,48,120,121,106,80,116,87,51,106,49,116,107,97,102,73,53,84,120,83,51,108,47,102,56,120,65,110,82,71,120,79,1,0
1134,78,235,250,226,78,173,97,207,83,93,89,207,62,149,189,236,43,251,135,180,89,54,213,212,31,30,60,176,25,251,1,225,0,1
10712,98,103,99,104,79,72,66,106,78,78,90,110,89,54,52,50,86,118,80,107,112,52,54,115,98,82,83,101,82,114,78,106,1,0
48912,97,103,71,111,119,87,55,67,76,52,69,49,50,111,83,99,67,70,113,65,107,97,51,98,107,70,106,113,104,86,108,57,1,0
29710,126,230,204,61,47,26,97,123,199,178,134,223,150,62,223,236,64,201,99,67,227,70,4,124,67,220,194,136,64,122,252,60,0,1
24432,40,23,140,156,180,49,37,130,8,68,247,201,182,8,95,78,7,24,244,100,229,127,117,254,70,196,148,87,169,244,175,204,0,1
85660,209,33,202,235,192,235,43,105,108,256,96,118,42,182,247,70,36,179,131,82,48,40,164,247,205,61,114,252,97,237,214,23,0,1
12758,76,70,68,48,66,88,111,106,102,69,75,68,51,76,53,112,114,97,57,68,66,115,71,119,82,120,82,77,117,114,97,79,1,0
22490,114,97,118,53,111,106,66,99,87,99,87,84,104,112,76,57,90,107,80,80,76,66,101,105,116,88,76,88,115,116,107,80,1,0
62393,32,18,229,209,102,24,91,147,15,177,72,146,100,208,21,27,181,128,129,191,202,3,170,72,201,223,256,161,29,113,84,44,0,1
78328,168,86,213,154,211,150,84,202,114,97,82,76,233,139,6,194,28,129,155,162,58,171,53,244,24,212,143,64,166,114,166,39,0,1
28584,212,120,205,56,223,229,56,135,41,228,230,194,98,70,5,90,218,133,181,197,179,57,214,197,31,14,242,250,147,123,253,182,0,1
99878,163,238,228,218,147,246,87,74,54,38,170,75,163,60,235,0,211,180,249,132,185,130,225,104,173,78,79,218,192,111,88,110,0,1
48465,124,137,166,200,27,0,34,172,55,84,4,168,120,179,17,104,248,160,246,132,150,208,197,111,124,91,180,101,145,248,67,44,0,1
88363,107,202,188,146,156,144,202,38,155,32,191,26,55,20,122,20,10,167,137,20,120,17,210,134,103,7,70,107,136,26,206,45,0,1
63855,65,0,195,42,160,157,252,222,230,111,46,174,207,57,178,147,23,59,104,122,142,242,93,236,114,52,151,59,127,63,130,101,0,1
56578,49,68,70,76,72,78,117,102,113,57,122,66,82,50,84,56,77,109,66,52,101,73,103,109,67,70,83,117,73,71,113,67,1,0
24940,81,65,90,118,118,122,97,118,83,89,47,90,43,66,98,99,66,54,108,67,66,85,77,88,97,54,86,111,86,98,98,75,1,0
83373,79,107,120,81,105,110,89,113,81,84,111,74,51,100,73,100,80,51,82,107,118,66,114,77,120,79,105,98,56,75,53,119,1,0
15522,79,197,207,152,191,35,250,53,81,69,57,25,35,119,204,61,110,204,97,15,121,225,241,19,33,85,51,35,31,74,198,174,0,1
26619,56,104,78,179,85,68,74,83,46,89,193,78,161,94,237,40,126,60,209,175,145,74,134,246,110,84,72,21,103,170,190,30,0,1
83232,80,41,256,36,71,230,93,38,78,157,129,180,148,167,117,97,10,0,4,36,219,218,245,107,184,1,94,31,4,117,8,87,0,1
74448,83,50,97,54,49,47,104,55,102,100,117,101,56,69,73,78,55,110,110,88,102,111,72,83,66,100,81,68,89,110,48,106,1,0
92027,99,253,30,2,24,93,20,142,138,7,209,250,119,64,8,108,20,166,106,254,247,44,183,96,187,137,64,77,120,56,161,108,0,1
58224,230,29,126,108,24,15,142,127,222,229,54,241,127,216,5,221,88,248,14,68,64,17,87,156,158,53,116,128,231,254,68,148,0,1
39978,38,222,3,224,176,221,138,49,113,31,181,183,238,179,146,18,189,181,70,147,28,235,215,142,34,167,135,84,20,95,80,138,0,1
